from,to
Docteur Résimont,JABS: Justice  Awareness & Basic Support
Guns & Country,Bristol Residents For SAFE Technology - Take Action  Prevent the Roll-out
Healthy Earth - Healthy Home,JABS: Justice  Awareness & Basic Support
Healthy Earth - Healthy Home,Patel Prasad
Uniting Healthcare Professionals Against Mandatory Vaccination,Bristol Residents For SAFE Technology - Take Action  Prevent the Roll-out
Bristol Residents For SAFE Technology - Take Action  Prevent the Roll-out,Parents Against Wi-Fi in School
Guns & Country,Ronald Bernard
Healthy Earth - Healthy Home,Blind Joe
Bought   The Movie    Truth about Vaccines,Bristol Residents For SAFE Technology - Take Action  Prevent the Roll-out
Psychedelics Today,Psychedelics Today
Healthy Earth - Healthy Home,Bought   The Movie    Truth about Vaccines
Doug's Compounding Pharmacy,Blind Joe
Docteur Résimont,beforeitsnews.com
Uniting Healthcare Professionals Against Mandatory Vaccination,Parents Against Wi-Fi in School
Doug's Compounding Pharmacy,Psychedelics Today
HEAL California,?????? Hongkongese revolution channel
Bristol Residents For SAFE Technology - Take Action  Prevent the Roll-out,beforeitsnews.com
Bought   The Movie    Truth about Vaccines,Healthy Earth - Healthy Home
Guns & Country,Bought   The Movie    Truth about Vaccines
HEAL California,Patel Prasad
Uniting Healthcare Professionals Against Mandatory Vaccination,Bought   The Movie    Truth about Vaccines
Bought   The Movie    Truth about Vaccines,beforeitsnews.com
Bristol Residents For SAFE Technology - Take Action  Prevent the Roll-out,Parents Against Wi-Fi in School
Uniting Healthcare Professionals Against Mandatory Vaccination,JABS: Justice  Awareness & Basic Support
